Aaliyah Bailey,aaliyah.bailey@u.edu,https://u.zoom.us/j/32387905629
Abigail White,abigail.white@u.edu,https://u.zoom.us/j/37633240728
Addison Gonzalez,addison.gonzalez@u.edu,https://u.zoom.us/j/66112325846
Adeline Ward,adeline.ward@u.edu,https://u.zoom.us/j/19881812431
Akinyemi Diaz,akinyemi.diaz@u.edu,https://u.zoom.us/j/80377413678
Alejandro Fisher,alejandro.fisher@u.edu,https://u.zoom.us/j/63106637342
Alice James,alice.james@u.edu,https://u.zoom.us/j/78637852742
Alison Patterson,alison.patterson@u.edu,https://u.zoom.us/j/53287298240
Amelia Anderson,amelia.anderson@u.edu,https://u.zoom.us/j/88799148676
Andrew Hughes,andrew.hughes@u.edu,https://u.zoom.us/j/21343478302
Anna Morgan,anna.morgan@u.edu,https://u.zoom.us/j/65121372100
Aria Rodriguez,aria.rodriguez@u.edu,https://u.zoom.us/j/95689445005
Ariana Torres,ariana.torres@u.edu,https://u.zoom.us/j/69250004205
Ashish West,ashish.west@u.edu,https://u.zoom.us/j/77437031210
Aubrey Nelson,aubrey.nelson@u.edu,https://u.zoom.us/j/61096265580
Audrey Edwards,audrey.edwards@u.edu,https://u.zoom.us/j/22115298744
Aurora Parker,aurora.parker@u.edu,https://u.zoom.us/j/17615897763
Autumn Bennett,autumn.bennett@u.edu,https://u.zoom.us/j/90780926514
Autumn Wood,autumn.wood@u.edu,https://u.zoom.us/j/54943136366
Ava Brown,ava.brown@u.edu,https://u.zoom.us/j/25790872335
Avery Martinez,avery.martinez@u.edu,https://u.zoom.us/j/25346422929
Bella Stewart,bella.stewart@u.edu,https://u.zoom.us/j/48423803193
Brooklyn Collins,brooklyn.collins@u.edu,https://u.zoom.us/j/17235794133
Camila Clark,camila.clark@u.edu,https://u.zoom.us/j/84791388261
Caroline Bell,caroline.bell@u.edu,https://u.zoom.us/j/56616365018
Catera Ellis,catera.ellis@u.edu,https://u.zoom.us/j/25441477070
Catherine Griffin,catherine.griffin@u.edu,https://u.zoom.us/j/32087036308
Charlotte Taylor,charlotte.taylor@u.edu,https://u.zoom.us/j/29839432082
Cherry Perry,cherry.perry@u.edu,https://u.zoom.us/j/59270769460
Chloe Young,chloe.young@u.edu,https://u.zoom.us/j/85728250593
Claire Sanchez,claire.sanchez@u.edu,https://u.zoom.us/j/76930886551
Cora Brooks,cora.brooks@u.edu,https://u.zoom.us/j/23425482220
Corey Owens,corey.owens@u.edu,https://u.zoom.us/j/73975205776
David Sullivan,david.sullivan@u.edu,https://u.zoom.us/j/36539759308
Eleanor Green,eleanor.green@u.edu,https://u.zoom.us/j/69057434922
Elena Howard,elena.howard@u.edu,https://u.zoom.us/j/64196977578
Eliana Peterson,eliana.peterson@u.edu,https://u.zoom.us/j/46186769434
Elizabeth Martin,elizabeth.martin@u.edu,https://u.zoom.us/j/46720919387
Ella Garcia,ella.garcia@u.edu,https://u.zoom.us/j/21080866287
Ellie Carter,ellie.carter@u.edu,https://u.zoom.us/j/68992269891
Emily Harris,emily.harris@u.edu,https://u.zoom.us/j/27642864800
Emma Smith,emma.smith@u.edu,https://u.zoom.us/j/77898328486
Eva Sanders,eva.sanders@u.edu,https://u.zoom.us/j/74863783374
Evelyn Jackson,evelyn.jackson@u.edu,https://u.zoom.us/j/39172764459
Everly Cook,everly.cook@u.edu,https://u.zoom.us/j/15875515344
Gabriella Ramirez,gabriella.ramirez@u.edu,https://u.zoom.us/j/48964979994
Genesis Murphy,genesis.murphy@u.edu,https://u.zoom.us/j/53232462151
Gideon Bryant,gideon.bryant@u.edu,https://u.zoom.us/j/27011632309
Grace Allen,grace.allen@u.edu,https://u.zoom.us/j/62655455130
Hailey Gray,hailey.gray@u.edu,https://u.zoom.us/j/13021472293
Hannah Adams,hannah.adams@u.edu,https://u.zoom.us/j/90681242818
Harper Thomas,harper.thomas@u.edu,https://u.zoom.us/j/12665496270
Hazel Phillips,hazel.phillips@u.edu,https://u.zoom.us/j/73405153025
Holger Butler,holger.butler@u.edu,https://u.zoom.us/j/15108891528
Isabella Davis,isabella.davis@u.edu,https://u.zoom.us/j/54565516013
James Wallace,james.wallace@u.edu,https://u.zoom.us/j/84563931793
Jan Hamilton,jan.hamilton@u.edu,https://u.zoom.us/j/42822890985
Jill Long,jill.long@u.edu,https://u.zoom.us/j/64785857509
Joaquin Jordan,joaquin.jordan@u.edu,https://u.zoom.us/j/33433057374
john Powell,john.powell@u.edu,https://u.zoom.us/j/83030229132
Judith Harrison,judith.harrison@u.edu,https://u.zoom.us/j/42759424319
Kennedy Rivera,kennedy.rivera@u.edu,https://u.zoom.us/j/89088104587
Kimberly Gibson,kimberly.gibson@u.edu,https://u.zoom.us/j/35117017578
Kinsley Cooper,kinsley.cooper@u.edu,https://u.zoom.us/j/81788546970
Layla King,layla.king@u.edu,https://u.zoom.us/j/95634780698
Leah Turner,leah.turner@u.edu,https://u.zoom.us/j/79152311100
Liam Johnson,liam.johnson@u.edu,https://u.zoom.us/j/87335102664
Licia Hayes,licia.hayes@u.edu,https://u.zoom.us/j/30743293994
Lillian Baker,lillian.baker@u.edu,https://u.zoom.us/j/12862339996
Lily Scott,lily.scott@u.edu,https://u.zoom.us/j/27843447306
Lucy Rogers,lucy.rogers@u.edu,https://u.zoom.us/j/38335253928
Luna Hall,luna.hall@u.edu,https://u.zoom.us/j/19771601872
Madelyn Watson,madelyn.watson@u.edu,https://u.zoom.us/j/41795455355
Madison Walker,madison.walker@u.edu,https://u.zoom.us/j/57087372526
Matthew Myers,matthew.myers@u.edu,https://u.zoom.us/j/82183996577
Matthew Washington,matthew.washington@u.edu,https://u.zoom.us/j/34895111039
Maya Richardson,maya.richardson@u.edu,https://u.zoom.us/j/53773176957
Mia Wilson,mia.wilson@u.edu,https://u.zoom.us/j/38949394333
Mila Thompson,mila.thompson@u.edu,https://u.zoom.us/j/69686874540
Natalie Perez,natalie.perez@u.edu,https://u.zoom.us/j/89793500377
Nevaeh Barnes,nevaeh.barnes@u.edu,https://u.zoom.us/j/87954504103
Noah Jones,noah.jones@u.edu,https://u.zoom.us/j/82235740273
Nora Hill,nora.hill@u.edu,https://u.zoom.us/j/56530787955
Olivia Williams,olivia.williams@u.edu,https://u.zoom.us/j/53192947653
Onur Flores,onur.flores@u.edu,https://u.zoom.us/j/93523132388
Orion Ford,orion.ford@u.edu,https://u.zoom.us/j/28411075308
Oscar Reynolds,oscar.reynolds@u.edu,https://u.zoom.us/j/70755385232
Paisley Reed,paisley.reed@u.edu,https://u.zoom.us/j/17724216389
Penelope Hernandez,penelope.hernandez@u.edu,https://u.zoom.us/j/41214774636
Peyton Ross,peyton.ross@u.edu,https://u.zoom.us/j/72312424620
Piper Coleman,piper.coleman@u.edu,https://u.zoom.us/j/46616238831
Quinn Jenkins,quinn.jenkins@u.edu,https://u.zoom.us/j/22692064334
Riley Wright,riley.wright@u.edu,https://u.zoom.us/j/55326556790
Roberto Graham,roberto.graham@u.edu,https://u.zoom.us/j/12135094206
Rong Foster,rong.foster@u.edu,https://u.zoom.us/j/64092486336
Rosemary  Russell,rosemary.russell@u.edu,https://u.zoom.us/j/76993227083
Ross Simmons,ross.simmons@u.edu,https://u.zoom.us/j/67614377012
Ruby Kelly,ruby.kelly@u.edu,https://u.zoom.us/j/33722139836
Sadie Henderson,sadie.henderson@u.edu,https://u.zoom.us/j/95344927391
Sara Alexander,sara.alexander@u.edu,https://u.zoom.us/j/50782153084
Sarah Cox,sarah.cox@u.edu,https://u.zoom.us/j/93400932879
Sarah Gonzales,sarah.gonzales@u.edu,https://u.zoom.us/j/15025045523
Savannah Evans,savannah.evans@u.edu,https://u.zoom.us/j/75772636221
Scarlett Lewis,scarlett.lewis@u.edu,https://u.zoom.us/j/33975637524
Serenity Price,serenity.price@u.edu,https://u.zoom.us/j/30872791676
Skylar Morris,skylar.morris@u.edu,https://u.zoom.us/j/34375841266
Sofia Robinson,sofia.robinson@u.edu,https://u.zoom.us/j/98147134052
Sophia Miller,sophia.miller@u.edu,https://u.zoom.us/j/81484721310
Stella Mitchell,stella.mitchell@u.edu,https://u.zoom.us/j/98213581216
Victoria Lee,victoria.lee@u.edu,https://u.zoom.us/j/73444885890
Violet Campbell,violet.campbell@u.edu,https://u.zoom.us/j/14393433255
Wilson Cole,wilson.cole@u.edu,https://u.zoom.us/j/96478197239
Xianhua Woods,xianhua.woods@u.edu,https://u.zoom.us/j/16903167402
Zoe Roberts,zoe.roberts@u.edu,https://u.zoom.us/j/85496409292
Zoey Lopez,zoey.lopez@u.edu,https://u.zoom.us/j/11993472822
